GLOBALEVENTID,SQLDATE,MonthYear,Year,FractionDate,Actor1Code,Actor1Name,Actor1CountryCode,Actor1KnownGroupCode,Actor1EthnicCode,Actor1Religion1Code,Actor1Religion2Code,Actor1Type1Code,Actor1Type2Code,Actor1Type3Code,Actor2Code,Actor2Name,Actor2CountryCode,Actor2KnownGroupCode,Actor2EthnicCode,Actor2Religion1Code,Actor2Religion2Code,Actor2Type1Code,Actor2Type2Code,Actor2Type3Code,IsRootEvent,EventCode,EventBaseCode,EventRootCode,QuadClass,GoldsteinScale,NumMentions,NumSources,NumArticles,AvgTone,Actor1Geo_Type,Actor1Geo_FullName,Actor1Geo_CountryCode,Actor1Geo_ADM1Code,Actor1Geo_ADM2Code,Actor1Geo_Lat,Actor1Geo_Long,Actor1Geo_FeatureID,Actor2Geo_Type,Actor2Geo_FullName,Actor2Geo_CountryCode,Actor2Geo_ADM1Code,Actor2Geo_ADM2Code,Actor2Geo_Lat,Actor2Geo_Long,Actor2Geo_FeatureID,ActionGeo_Type,ActionGeo_FullName,ActionGeo_CountryCode,ActionGeo_ADM1Code,ActionGeo_ADM2Code,ActionGeo_Lat,ActionGeo_Long,ActionGeo_FeatureID,DATEADDED,SOURCEURL
1059874807,20220823,202208,2022,2022.6384,HLH,HOSPITAL,,,,,,HLH,,,,,,,,,,,,,0,112,112,11,3,-2.0,10,1,10,0.29563932002956,1,Jordan,JO,JO,,31.0,36.0,JO,0,,,,,,,,1,Jordan,JO,JO,,31.0,36.0,JO,20220823214500,https://soaps.sheknows.com/general-hospital/recaps/642846/general-hospital-jordan-overhears-portia-call-about-trina/
1059877831,20220823,202208,2022,2022.6384,HLH,REGISTERED NURSE,,,,,,HLH,,,USA,UNITED STATES,USA,,,,,,,,1,112,112,11,3,-2.0,2,1,2,-4.6875,3,"Halifax Health Medical Center, Florida, United States",US,USFL,FL127,29.201,-81.0543,294413,3,"Halifax Health Medical Center, Florida, United States",US,USFL,,29.201,-81.0543,294413,3,"Halifax Health Medical Center, Florida, United States",US,USFL,,29.201,-81.0543,294413,20220823221500,https://www.fox35orlando.com/news/florida-nurse-accused-of-trapping-raping-woman-inside-hospital-on-call-room
1059877832,20220823,202208,2022,2022.6384,HLH,REGISTERED NURSE,,,,,,HLH,,,USA,UNITED STATES,USA,,,,,,,,1,112,112,11,3,-2.0,2,1,2,-4.6875,3,"Volusia County, Florida, United States",US,USFL,FL127,29.0836,-81.2081,306921,3,"Volusia County, Florida, United States",US,USFL,,29.0836,-81.2081,306921,3,"Volusia County, Florida, United States",US,USFL,,29.0836,-81.2081,306921,20220823221500,https://www.fox35orlando.com/news/florida-nurse-accused-of-trapping-raping-woman-inside-hospital-on-call-room
1059877834,20220823,202208,2022,2022.6384,HLH,HOSPITAL,,,,,,HLH,,,USAHLH,FLORIDA,USA,,,,,HLH,,,1,112,112,11,3,-2.0,3,1,3,-4.6875,3,"Halifax Health Medical Center, Florida, United States",US,USFL,FL127,29.201,-81.0543,294413,3,"Halifax Health Medical Center, Florida, United States",US,USFL,,29.201,-81.0543,294413,3,"Halifax Health Medical Center, Florida, United States",US,USFL,,29.201,-81.0543,294413,20220823221500,https://www.fox35orlando.com/news/florida-nurse-accused-of-trapping-raping-woman-inside-hospital-on-call-room
1059879260,20220823,202208,2022,2022.6384,HLH,DOCTOR,,,,,,HLH,,,AUS,MURRAY,AUS,,,,,,,,0,100,100,10,3,-5.0,10,1,10,0.76142131979695,0,,,,,,,,0,,,,,,,,0,,,,,,,,20220823223000,https://www.cbc.ca/news/canada/prince-edward-island/pei-walk-in-clinics-electronic-record-stystem-maple-health-care-1.6560009
1059879262,20220823,202208,2022,2022.6384,HLH,HOSPITAL,,,,,,HLH,,,GOV,DIRECTOR GENERAL,,,,,,GOV,,,1,100,100,10,3,-5.0,5,1,5,-1.90174326465927,4,"Ljubljana, Slovenia (general), Slovenia",SI,SI00,25577,46.0553,14.5144,-87271,4,"Ljubljana, Slovenia (general), Slovenia",SI,SI00,25577,46.0553,14.5144,-87271,4,"Ljubljana, Slovenia (general), Slovenia",SI,SI00,25577,46.0553,14.5144,-87271,20220823223000,https://sloveniatimes.com/minister-says-head-of-ukc-ljubljana-hospital-should-step-down/
1059880863,20220823,202208,2022,2022.6384,HLH,HOSPITAL,,,,,,HLH,,,,,,,,,,,,,0,128,128,12,3,-5.0,5,1,5,-2.92887029288703,3,"Dallas, Texas, United States",US,USTX,TX113,32.7831,-96.8067,1380944,0,,,,,,,,3,"Dallas, Texas, United States",US,USTX,TX113,32.7831,-96.8067,1380944,20220823224500,https://www.healthcareitnews.com/news/stolen-texas-health-data-may-be-posted-dark-web
1059883778,20220823,202208,2022,2022.6384,HLH,NURSE,,,,,,HLH,,,AUS,VICTORIA,AUS,,,,,,,,1,114,114,11,3,-2.0,5,1,5,-4.26065162907268,4,"Vancouver, British Columbia, Canada",CA,CA02,12552,49.25,-123.133,-575268,4,"Vancouver, British Columbia, Canada",CA,CA02,12552,49.25,-123.133,-575268,4,"Vancouver, British Columbia, Canada",CA,CA02,12552,49.25,-123.133,-575268,20220823231500,https://www.timescolonist.com/local-news/vicpd-officer-committed-discreditable-conduct-in-off-duty-sexual-encounter-opcc-finds-5732113
1059887753,20220824,202208,2022,2022.6411,HLH,PHYSICIAN,,,,,,HLH,,,,,,,,,,,,,1,141,141,14,3,-6.5,5,1,5,0.0,0,,,,,,,,0,,,,,,,,0,,,,,,,,20220824000000,https://www.miragenews.com/deep-learning-algorithm-may-streamline-lung-841822/
1059896579,20220824,202208,2022,2022.6411,HLH,HOSPITAL,,,,,,HLH,,,,,,,,,,,,,0,114,114,11,3,-2.0,1,1,1,0.0811688311688301,3,"Charleston, South Carolina, United States",US,USSC,SC019,32.7766,-79.9309,1221516,0,,,,,,,,3,"Charleston, South Carolina, United States",US,USSC,SC019,32.7766,-79.9309,1221516,20220824010000,https://thetandd.com/news/local/musc-rmc-plan-being-developed-99-year-lease-under-discussion/article_14e09e33-c41c-5976-96df-8332ca8cffa8.html
1059896580,20220824,202208,2022,2022.6411,HLH,HOSPITAL,,,,,,HLH,,,,,,,,,,,,,0,114,114,11,3,-2.0,2,1,2,0.0811688311688301,3,"Orangeburg, South Carolina, United States",US,USSC,SC075,33.4918,-80.8556,1249990,0,,,,,,,,3,"Orangeburg, South Carolina, United States",US,USSC,SC075,33.4918,-80.8556,1249990,20220824010000,https://thetandd.com/news/local/musc-rmc-plan-being-developed-99-year-lease-under-discussion/article_14e09e33-c41c-5976-96df-8332ca8cffa8.html
1059896581,20220824,202208,2022,2022.6411,HLH,HOSPITAL,,,,,,HLH,,,,,,,,,,,,,0,114,114,11,3,-2.0,7,1,7,0.0811688311688301,1,Denmark,DA,DA,,56.0,10.0,DA,0,,,,,,,,1,Denmark,DA,DA,,56.0,10.0,DA,20220824010000,https://thetandd.com/news/local/musc-rmc-plan-being-developed-99-year-lease-under-discussion/article_14e09e33-c41c-5976-96df-8332ca8cffa8.html
1059906687,20220824,202208,2022,2022.6411,HLH,HOSPITAL,,,,,,HLH,,,,,,,,,,,,,1,112,112,11,3,-2.0,6,1,6,-0.8174386920981,1,Fiji,FJ,FJ,,-18.0,178.0,FJ,0,,,,,,,,1,Fiji,FJ,FJ,,-18.0,178.0,FJ,20220824023000,https://www.fijitimes.com/undetected-tb-cases-worrying/
1059906688,20220824,202208,2022,2022.6411,HLH,DOCTOR,,,,,,HLH,,,,,,,,,,,,,0,120,120,12,3,-4.0,10,1,10,-7.63239875389408,0,,,,,,,,0,,,,,,,,0,,,,,,,,20220824023000,https://www.wgrz.com/article/news/local/rochester-family-seeks-more-justice-after-crash-injured-a-buffalo-police-officer-and-their-loved-one-who-later-died/71-a91212d5-db44-4b1e-977c-474db5749f53
1059906692,20220824,202208,2022,2022.6411,HLH,HOSPITAL,,,,,,HLH,,,FJI,FIJI,FJI,,,,,,,,1,112,112,11,3,-2.0,4,1,4,-0.8174386920981,1,Fiji,FJ,FJ,,-18.0,178.0,FJ,1,Fiji,FJ,FJ,,-18.0,178.0,FJ,1,Fiji,FJ,FJ,,-18.0,178.0,FJ,20220824023000,https://www.fijitimes.com/undetected-tb-cases-worrying/
1059922430,20220824,202208,2022,2022.6411,HLH,HOSPITAL,,,,,,HLH,,,GOV,DIRECTOR GENERAL,,,,,,GOV,,,1,114,114,11,3,-2.0,10,1,10,-4.70588235294117,0,,,,,,,,0,,,,,,,,0,,,,,,,,20220824053000,https://www.tribuneindia.com/news/haryana/doctors-to-conduct-post-mortem-of-sonali-phogats-body-in-goa-hospital-today-424813
1059924600,20220824,202208,2022,2022.6411,HLH,NANNY,,,,,,HLH,,,EDU,STUDENT,,,,,,EDU,,,0,120,120,12,3,-4.0,5,1,5,-0.32362459546926,3,"San Francisco, California, United States",US,USCA,CA075,37.7749,-122.419,277593,3,"San Francisco, California, United States",US,USCA,,37.7749,-122.419,277593,3,"San Francisco, California, United States",US,USCA,,37.7749,-122.419,277593,20220824054500,https://nationworldnews.com/he-was-denied-a-student-visa-to-the-united-states-three-times-but-did-not-realize-a-mistake-i-cried-a-lot/
1059924602,20220824,202208,2022,2022.6411,HLH,HOSPITAL,,,,,,HLH,,,GOV,DIRECTOR GENERAL,,,,,,GOV,,,1,114,114,11,3,-2.0,10,1,10,-4.12371134020618,4,"Anjuna, Goa, India",IN,IN33,70122,15.5833,73.7333,-2088938,4,"Anjuna, Goa, India",IN,IN33,70122,15.5833,73.7333,-2088938,4,"Anjuna, Goa, India",IN,IN33,70122,15.5833,73.7333,-2088938,20220824054500,https://www.latestly.com/agency-news/india-news-bjp-leader-sonali-phogats-death-doctors-to-conduct-postmortem-in-goa-hospital-today-4117494.html
1059932466,20220824,202208,2022,2022.6411,HLH,HOSPITAL,,,,,,HLH,,,,,,,,,,,,,1,115,115,11,3,-2.0,4,1,4,-6.25,3,"Yale New Haven Hospital, Connecticut, United States",US,USCT,CT009,41.3043,-72.9353,1933200,0,,,,,,,,3,"Yale New Haven Hospital, Connecticut, United States",US,USCT,,41.3043,-72.9353,1933200,20220824071500,https://www.fox61.com/article/news/local/family-files-lawsuit-against-yale-new-haven-hospital-son-dies/520-2f49f900-630e-4d44-b2e8-e8a8ac194f9d
1059932473,20220824,202208,2022,2022.6411,HLH,HOSPITAL,,,,,,HLH,,,USA,UNITED STATES,USA,,,,,,,,1,115,115,11,3,-2.0,2,1,2,-6.25,3,"Yale New Haven Hospital, Connecticut, United States",US,USCT,CT009,41.3043,-72.9353,1933200,3,"Yale New Haven Hospital, Connecticut, United States",US,USCT,,41.3043,-72.9353,1933200,3,"Yale New Haven Hospital, Connecticut, United States",US,USCT,,41.3043,-72.9353,1933200,20220824071500,https://www.fox61.com/article/news/local/family-files-lawsuit-against-yale-new-haven-hospital-son-dies/520-2f49f900-630e-4d44-b2e8-e8a8ac194f9d
1059940323,20220824,202208,2022,2022.6411,HLH,DOCTOR,,,,,,HLH,,,GOV,BUREAUCRACY,,,,,,GOV,,,1,112,112,11,3,-2.0,10,1,10,-1.75438596491228,0,,,,,,,,0,,,,,,,,0,,,,,,,,20220824083000,https://www.eyeradio.org/wau-hospital-gets-fuel-after-3-weeks-of-power-outage/
1059943413,20220824,202208,2022,2022.6411,HLH,HEALTH PROFESSIONAL,,,,,,HLH,,,EDU,PROFESSOR,,,,,,EDU,,,0,133,133,13,3,-5.8,6,1,6,-0.52732502396932,3,"Riverside, California, United States",US,USCA,CA067,38.5191,-121.521,253387,2,"California, United States",US,USCA,,36.17,-119.746,CA,3,"Riverside, California, United States",US,USCA,CA067,38.5191,-121.521,253387,20220824090000,https://www.insidehighered.com/news/2022/08/24/pairing-counselors-campus-police-support-students
1059943416,20220824,202208,2022,2022.6411,HLH,HEALTH PROFESSIONAL,,,,,,HLH,,,USA,UNITED STATES,USA,,,,,,,,0,133,133,13,3,-5.8,2,1,2,-0.52732502396932,3,"Riverside, California, United States",US,USCA,CA067,38.5191,-121.521,253387,2,"California, United States",US,USCA,,36.17,-119.746,CA,3,"Riverside, California, United States",US,USCA,CA067,38.5191,-121.521,253387,20220824090000,https://www.insidehighered.com/news/2022/08/24/pairing-counselors-campus-police-support-students
1059943417,20220824,202208,2022,2022.6411,HLH,HEALTH PROFESSIONAL,,,,,,HLH,,,USA,UNITED STATES,USA,,,,,,,,0,133,133,13,3,-5.8,2,1,2,-0.52732502396932,2,"California, United States",US,USCA,,36.17,-119.746,CA,2,"California, United States",US,USCA,,36.17,-119.746,CA,2,"California, United States",US,USCA,,36.17,-119.746,CA,20220824090000,https://www.insidehighered.com/news/2022/08/24/pairing-counselors-campus-police-support-students
1059948800,20220824,202208,2022,2022.6411,HLH,HOSPITAL,,,,,,HLH,,,CAN,CANADIAN,CAN,,,,,,,,1,110,110,11,3,-2.0,7,1,7,-6.86868686868687,1,Canada,CA,CA,,60.0,-96.0,CA,1,Canada,CA,CA,,60.0,-96.0,CA,1,Canada,CA,CA,,60.0,-96.0,CA,20220824094500,https://www.americanthinker.com/blog/2022/08/canadian_veterans_offered_assisted_suicide_to_cope_with_combat_traumas.html
1059951586,20220824,202208,2022,2022.6411,HLH,HOSPITAL,,,,,,HLH,,,,,,,,,,,,,1,114,114,11,3,-2.0,2,1,2,-4.04984423676012,4,"Accra, Greater Accra, Ghana",GH,GH01,190655,5.55,-0.216667,-2067935,0,,,,,,,,4,"Accra, Greater Accra, Ghana",GH,GH01,190655,5.55,-0.216667,-2067935,20220824100000,https://newsghana.com.gh/sad-ghanas-childhood-cancer-ambassador-dies-she-was-9/
1059951587,20220824,202208,2022,2022.6411,HLH,HOSPITAL,,,,,,HLH,,,,,,,,,,,,,1,114,114,11,3,-2.0,8,1,8,-4.04984423676012,1,United Kingdom,UK,UK,,54.0,-4.0,UK,0,,,,,,,,1,United Kingdom,UK,UK,,54.0,-4.0,UK,20220824100000,https://newsghana.com.gh/sad-ghanas-childhood-cancer-ambassador-dies-she-was-9/
1059953365,20220824,202208,2022,2022.6411,HLH,NURSE,,,,,,HLH,,,GOV,GOVERNMENT,,,,,,GOV,,,1,100,100,10,3,-5.0,10,1,10,-2.63157894736842,4,"Sydney, New South Wales, Australia",AS,AS02,154637,-33.8833,151.217,-1603135,4,"Sydney, New South Wales, Australia",AS,AS02,154637,-33.8833,151.217,-1603135,4,"Sydney, New South Wales, Australia",AS,AS02,154637,-33.8833,151.217,-1603135,20220824101500,https://www.9news.com.au/national/nsw-nurse-strike-union-votes-to-strike-thursday-september-1-over-working-conditions/2a4b4650-794b-4cd7-9a3b-e7a257be808a
1059953366,20220824,202208,2022,2022.6411,HLH,NURSE,,,,,,HLH,,,GOV,GOVERNMENT,,,,,,GOV,,,0,100,100,10,3,-5.0,5,1,5,2.55851932498639,4,"Philippine, Benguet, Philippines",RP,RP10,24213,16.45,120.55,-2445611,4,"Philippine, Benguet, Philippines",RP,RP10,24213,16.45,120.55,-2445611,4,"Philippine, Benguet, Philippines",RP,RP10,24213,16.45,120.55,-2445611,20220824101500,https://newsinfo.inquirer.net/1652623/p296-3-b-health-budget-for-2023-higher-but-still-not-enough
1059953368,20220824,202208,2022,2022.6411,HLH,HEALTH PROFESSIONAL,,,,,,HLH,,,PHL,PHILIPPINE,PHL,,,,,,,,0,125,125,12,3,-5.0,1,1,1,2.55851932498639,4,"Manila, Manila, Philippines",RP,RPD9,24210,14.6042,120.982,-2437894,4,"Philippine, Benguet, Philippines",RP,RP10,24213,16.45,120.55,-2445611,4,"Manila, Manila, Philippines",RP,RPD9,24210,14.6042,120.982,-2437894,20220824101500,https://newsinfo.inquirer.net/1652623/p296-3-b-health-budget-for-2023-higher-but-still-not-enough
1059953369,20220824,202208,2022,2022.6411,HLH,HEALTH PROFESSIONAL,,,,,,HLH,,,PHL,PHILIPPINE,PHL,,,,,,,,0,125,125,12,3,-5.0,1,1,1,2.55851932498639,4,"Philippine, Benguet, Philippines",RP,RP10,24213,16.45,120.55,-2445611,4,"Philippine, Benguet, Philippines",RP,RP10,24213,16.45,120.55,-2445611,4,"Philippine, Benguet, Philippines",RP,RP10,24213,16.45,120.55,-2445611,20220824101500,https://newsinfo.inquirer.net/1652623/p296-3-b-health-budget-for-2023-higher-but-still-not-enough
1059954633,20220824,202208,2022,2022.6411,HLH,HOSPITAL,,,,,,HLH,,,,,,,,,,,,,1,114,114,11,3,-2.0,2,1,2,-8.984375,4,"Lucknow, Uttar Pradesh, India",IN,IN36,17941,26.85,80.9167,-2102835,0,,,,,,,,4,"Lucknow, Uttar Pradesh, India",IN,IN36,17941,26.85,80.9167,-2102835,20220824103000,https://www.prokerala.com/news/articles/a1338447.html
1059954634,20220824,202208,2022,2022.6411,HLH,DOCTOR,,,,,,HLH,,,,,,,,,,,,,1,120,120,12,3,-4.0,5,1,5,-0.2868068833652,2,"New York, United States",US,USNY,,42.1497,-74.9384,NY,0,,,,,,,,2,"New York, United States",US,USNY,,42.1497,-74.9384,NY,20220824103000,http://www.msn.com/en-us/movies/news/captain-america-s-failed-film-still-earned-a-stan-lee-adaptation/ar-AA112wZx
1059958345,20220824,202208,2022,2022.6411,HLH,HOSPITAL,,,,,,HLH,,,,,,,,,,,,,1,111,111,11,3,-2.0,5,1,5,2.53521126760563,1,Saudi Arabia,SA,SA,,25.0,45.0,SA,0,,,,,,,,1,Saudi Arabia,SA,SA,,25.0,45.0,SA,20220824110000,https://gulfnews.com/business/markets/uaes-burjeel-holdings-to-spend-1b-on-hospitals-clinics-in-saudi-arabia-1.90095017
1059958346,20220824,202208,2022,2022.6411,HLH,HOSPITAL,,,,,,HLH,,,,,,,,,,,,,0,114,114,11,3,-2.0,6,1,6,-5.10204081632653,4,"Anjuna, Goa, India",IN,IN33,70122,15.5833,73.7333,-2088938,0,,,,,,,,4,"Anjuna, Goa, India",IN,IN33,70122,15.5833,73.7333,-2088938,20220824110000,https://www.thehindu.com/news/national/bjp-leader-sonali-phogats-brother-claims-she-was-murdered-police-conducting-detailed-probe-says-goa-cm/article65805250.ece
1059968744,20220824,202208,2022,2022.6411,HLH,DOCTOR,,,,,,HLH,,,USA,OKLAHOMA,USA,,,,,,,,0,110,110,11,3,-2.0,2,1,2,-5.45625587958607,2,"Oklahoma, United States",US,USOK,,35.5376,-96.9247,OK,2,"Oklahoma, United States",US,USOK,,35.5376,-96.9247,OK,2,"Oklahoma, United States",US,USOK,,35.5376,-96.9247,OK,20220824121500,https://www.valdostadailytimes.com/news/after-abortion-bans-whats-next/article_57821b4e-22ce-11ed-b7ad-37e4013c237e.html
1059973155,20220824,202208,2022,2022.6411,HLH,HOSPITAL,,,,,,HLH,,,,,,,,,,,,,0,110,110,11,3,-2.0,6,1,6,-1.97433366238894,3,"Carbon County, Wyoming, United States",US,USWY,WY007,41.6666,-106.834,1605069,0,,,,,,,,3,"Carbon County, Wyoming, United States",US,USWY,,41.6666,-106.834,1605069,20220824124500,https://www.wyomingnews.com/rawlinstimes/rawlinstimes/news/rural-hospitals-cut-maternity-care-amid-budget-woes/article_f0581cb4-2225-11ed-9e63-4bf764a6d3f9.html
1059973156,20220824,202208,2022,2022.6411,HLH,HOSPITAL,,,,,,HLH,,,,,,,,,,,,,1,112,112,11,3,-2.0,1,1,1,3.25097529258778,4,"Hung Hoa, Phú, Vietnam, Republic Of",VM,VM83,74247,21.25,105.3,-3715952,0,,,,,,,,4,"Hung Hoa, Phú, Vietnam, Republic Of",VM,VM83,74247,21.25,105.3,-3715952,20220824124500,https://www.ucanews.com/news/vietnam-food-program-unites-women-to-serve-patients/98510
1059973157,20220824,202208,2022,2022.6411,HLH,HOSPITAL,,,,,,HLH,,,,,,,,,,,,,0,114,114,11,3,-2.0,1,1,1,-7.36842105263158,4,"Delhi, Delhi, India",IN,IN07,17911,28.6667,77.2167,-2094230,0,,,,,,,,4,"Dhaka, Dhaka, Bangladesh",BG,BG81,5778,23.7231,90.4086,-2737683,20220824124500,https://zeenews.india.com/people/sonali-phogat-was-raped-and-murdered-alleges-her-brother-accuses-her-pa-sudhir-sangwan-and-sukhwinder-of-conspiracy-2501169.html
1059973158,20220824,202208,2022,2022.6411,HLH,HOSPITAL,,,,,,HLH,,,,,,,,,,,,,0,114,114,11,3,-2.0,1,1,1,-4.81927710843374,4,"Panaji, Goa, India",IN,IN33,70123,15.4833,73.8333,-2106977,0,,,,,,,,4,"Dhaka, Dhaka, Bangladesh",BG,BG81,5778,23.7231,90.4086,-2737683,20220824124500,https://thewire.in/politics/sonali-phogats-brother-claims-she-was-murdered-goa-cm-says-police-conducting-detailed-probe
1059973159,20220824,202208,2022,2022.6411,HLH,HOSPITAL,,,,,,HLH,,,,,,,,,,,,,0,114,114,11,3,-2.0,2,2,2,-6.09384908053266,4,"Dhaka, Dhaka, Bangladesh",BG,BG81,5778,23.7231,90.4086,-2737683,0,,,,,,,,4,"Dhaka, Dhaka, Bangladesh",BG,BG81,5778,23.7231,90.4086,-2737683,20220824124500,https://thewire.in/politics/sonali-phogats-brother-claims-she-was-murdered-goa-cm-says-police-conducting-detailed-probe
1059973163,20220824,202208,2022,2022.6411,HLH,HOSPITAL,,,,,,HLH,,,BGD,BANGLADESH,BGD,,,,,,,,0,114,114,11,3,-2.0,1,1,1,-7.36842105263158,4,"Delhi, Delhi, India",IN,IN07,17911,28.6667,77.2167,-2094230,4,"Dhaka, Dhaka, Bangladesh",BG,BG81,5778,23.7231,90.4086,-2737683,4,"Dhaka, Dhaka, Bangladesh",BG,BG81,5778,23.7231,90.4086,-2737683,20220824124500,https://zeenews.india.com/people/sonali-phogat-was-raped-and-murdered-alleges-her-brother-accuses-her-pa-sudhir-sangwan-and-sukhwinder-of-conspiracy-2501169.html
1059973164,20220824,202208,2022,2022.6411,HLH,HOSPITAL,,,,,,HLH,,,BGD,BANGLADESH,BGD,,,,,,,,0,114,114,11,3,-2.0,1,1,1,-4.81927710843374,4,"Panaji, Goa, India",IN,IN33,70123,15.4833,73.8333,-2106977,4,"Dhaka, Dhaka, Bangladesh",BG,BG81,5778,23.7231,90.4086,-2737683,4,"Dhaka, Dhaka, Bangladesh",BG,BG81,5778,23.7231,90.4086,-2737683,20220824124500,https://thewire.in/politics/sonali-phogats-brother-claims-she-was-murdered-goa-cm-says-police-conducting-detailed-probe
1059973165,20220824,202208,2022,2022.6411,HLH,HOSPITAL,,,,,,HLH,,,BGD,BANGLADESH,BGD,,,,,,,,0,114,114,11,3,-2.0,2,2,2,-6.09384908053266,4,"Dhaka, Dhaka, Bangladesh",BG,BG81,5778,23.7231,90.4086,-2737683,4,"Dhaka, Dhaka, Bangladesh",BG,BG81,5778,23.7231,90.4086,-2737683,4,"Dhaka, Dhaka, Bangladesh",BG,BG81,5778,23.7231,90.4086,-2737683,20220824124500,https://thewire.in/politics/sonali-phogats-brother-claims-she-was-murdered-goa-cm-says-police-conducting-detailed-probe
1059977060,20220824,202208,2022,2022.6411,HLH,HOSPITAL,,,,,,HLH,,,COP,PRISON,,,,,,COP,,,0,128,128,12,3,-5.0,10,1,10,-4.54545454545454,0,,,,,,,,0,,,,,,,,0,,,,,,,,20220824131500,https://www.liverpoolecho.co.uk/news/liverpool-news/sir-kenny-dalglish-sends-touching-24841188
1059978339,20220824,202208,2022,2022.6411,HLH,HOSPITAL,,,,,,HLH,,,,,,,,,,,,,0,110,110,11,3,-2.0,2,1,2,-0.18050541516246,3,"North Lake, Florida, United States",US,USFL,FL011,26.182,-80.1611,287830,0,,,,,,,,3,"North Lake, Florida, United States",US,USFL,,26.182,-80.1611,287830,20220824133000,https://www.dailycommercial.com/story/news/politics/elections/2022/08/23/lake-county-election-results-who-won-tuesdays-vote/7879918001/
1059978340,20220824,202208,2022,2022.6411,HLH,PHYSICIAN,,,,,,HLH,,,,,,,,,,,,,1,110,110,11,3,-2.0,12,1,12,-2.96296296296297,2,"Florida, United States",US,USFL,,27.8333,-81.717,FL,0,,,,,,,,2,"Florida, United States",US,USFL,,27.8333,-81.717,FL,20220824133000,https://health.wusf.usf.edu/health-news-florida/2022-08-24/florida-bans-abortions-after-15-weeks-of-pregnancy-heres-how-to-know-how-far-along-you-are
1059978355,20220824,202208,2022,2022.6411,HLH,HOSPITAL,,,,,,HLH,,,USA,UNITED STATES,USA,,,,,,,,0,1243,124,12,3,-4.0,4,1,4,-3.19548872180451,3,"Cedar County, Nebraska, United States",US,USNE,NE027,42.6,-97.267,835835,2,"Nebraska, United States",US,USNE,,41.1289,-98.2883,NE,2,"Nebraska, United States",US,USNE,,41.1289,-98.2883,NE,20220824133000,https://siouxcityjournal.com/lee-wire/laurel-murder-suspects-wife-has-phone-seized-by-investigators/article_3639f7ce-2b9e-57e5-af75-ea914d493845.html
1059978356,20220824,202208,2022,2022.6411,HLH,HOSPITAL,,,,,,HLH,,,USA,NEBRASKA,USA,,,,,,,,0,1243,124,12,3,-4.0,6,1,6,-3.19548872180451,2,"Nebraska, United States",US,USNE,,41.1289,-98.2883,NE,2,"Nebraska, United States",US,USNE,,41.1289,-98.2883,NE,2,"Nebraska, United States",US,USNE,,41.1289,-98.2883,NE,20220824133000,https://siouxcityjournal.com/lee-wire/laurel-murder-suspects-wife-has-phone-seized-by-investigators/article_3639f7ce-2b9e-57e5-af75-ea914d493845.html
1059982892,20220824,202208,2022,2022.6411,HLH,DOCTOR,,,,,,HLH,,,,,,,,,,,,,0,111,111,11,3,-2.0,10,1,10,4.74739781670475,4,"Avene, Languedoc-Roussillon, France",FR,FRA9,16299,43.7571,3.09979,-1409578,0,,,,,,,,4,"Avene, Languedoc-Roussillon, France",FR,FRA9,16299,43.7571,3.09979,-1409578,20220824140000,https://www.womanandhome.com/us/beauty/skincare/best-face-masks/
1059984996,20220824,202208,2022,2022.6411,HLH,HOSPITAL,,,,,,HLH,,,,,,,,,,,,,1,134,134,13,3,-5.8,10,1,10,-6.71641791044776,0,,,,,,,,0,,,,,,,,0,,,,,,,,20220824141500,https://www.fox17online.com/news/local-news/kzoo-bc/kalamazoo/1-hurt-2-arrested-after-shooting
1059989223,20220824,202208,2022,2022.6411,HLH,PHYSICIAN,,,,,,HLH,,,,,,,,,,,,,1,110,110,11,3,-2.0,10,1,10,-2.46406570841889,3,"Manhattan, New York, United States",US,USNY,NY061,40.7834,-73.9662,971945,0,,,,,,,,3,"Manhattan, New York, United States",US,USNY,NY061,40.7834,-73.9662,971945,20220824144500,https://www.bizpacreview.com/2022/08/24/american-association-of-medical-colleges-mandate-courses-in-anti-racism-patients-lives-are-at-risk-1276831/
1059992487,20220824,202208,2022,2022.6411,HLH,PHYSICIAN,,,,,,HLH,,,USAEDU,UNITED STATES,USA,,,,,EDU,,,0,112,112,11,3,-2.0,4,1,4,0.49627791563276,2,"California, United States",US,USCA,,36.17,-119.746,CA,2,"California, United States",US,USCA,,36.17,-119.746,CA,2,"California, United States",US,USCA,,36.17,-119.746,CA,20220824151500,https://www.massdevice.com/brain-computer-interface-bci-companies/
1059992488,20220824,202208,2022,2022.6411,HLH,PHYSICIAN,,,,,,HLH,,,USAEDU,CALIFORNIA,USA,,,,,EDU,,,0,112,112,11,3,-2.0,4,1,4,0.49627791563276,1,France,FR,FR,,46.0,2.0,FR,1,France,FR,FR,,46.0,2.0,FR,1,France,FR,FR,,46.0,2.0,FR,20220824151500,https://www.massdevice.com/brain-computer-interface-bci-companies/
1060001662,20220824,202208,2022,2022.6411,HLH,HOSPITAL,,,,,,HLH,,,COP,POLICE,,,,,,COP,,,1,111,111,11,3,-2.0,10,1,10,-4.6242774566474,4,"Aspley, Tasmania, Australia",AS,AS06,5349,-42.4333,147.133,-1556074,4,"Aspley, Tasmania, Australia",AS,AS06,5349,-42.4333,147.133,-1556074,4,"Aspley, Tasmania, Australia",AS,AS06,5349,-42.4333,147.133,-1556074,20220824161500,https://www.nottinghampost.com/news/nottingham-news/live-updates-man-taken-hospital-7503400
1060003826,20220824,202208,2022,2022.6411,HLH,DOCTOR,,,,,,HLH,,,,,,,,,,,,,0,120,120,12,3,-4.0,8,1,8,-1.76151761517615,1,France,FR,FR,,46.0,2.0,FR,0,,,,,,,,4,"Quebec, Quebec, Canada",CA,CA10,12750,47.5,-72.0,-571850,20220824163000,https://www.thesuburban.com/opinion/editorials/grow-up-quebec-yes-bilingualism-means-higher-pay-quelle-surprise/article_8bc43347-b321-58a9-969e-67f0813adda8.html
1060003827,20220824,202208,2022,2022.6411,HLH,DOCTOR,,,,,,HLH,,,,,,,,,,,,,0,120,120,12,3,-4.0,2,1,2,-1.76151761517615,1,France,FR,FR,,46.0,2.0,FR,0,,,,,,,,1,France,FR,FR,,46.0,2.0,FR,20220824163000,https://www.thesuburban.com/opinion/editorials/grow-up-quebec-yes-bilingualism-means-higher-pay-quelle-surprise/article_8bc43347-b321-58a9-969e-67f0813adda8.html
1060003828,20220824,202208,2022,2022.6411,HLH,HOSPITAL,,,,,,HLH,,,,,,,,,,,,,1,120,120,12,3,-4.0,5,1,5,0.5338078291815,2,"Nevada, United States",US,USNV,,38.4199,-117.122,NV,0,,,,,,,,2,"Nevada, United States",US,USNV,,38.4199,-117.122,NV,20220824163000,https://www.newsweek.com/dog-tumbled-100-feet-down-cliff-miraculously-survives-1736583
1060007763,20220824,202208,2022,2022.6411,HLH,HOSPITAL,,,,,,HLH,,,,,,,,,,,,,0,134,134,13,3,-5.8,5,1,5,-4.91573033707865,1,Lebanon,LE,LE,,33.833333,35.833333,LE,0,,,,,,,,1,Lebanon,LE,LE,,33.833333,35.833333,LE,20220824170000,https://www.modernhealthcare.com/cybersecurity/vendor-breaches-double-extortion-growing-healthcare-cyberthreats
1060007766,20220824,202208,2022,2022.6411,HLH,NURSE,,,,,,HLH,,,AUS,VICTORIA,AUS,,,,,,,,1,114,114,11,3,-2.0,10,1,10,-4.23412204234122,4,"Vancouver, British Columbia, Canada",CA,CA02,12552,49.25,-123.133,-575268,4,"Vancouver, British Columbia, Canada",CA,CA02,12552,49.25,-123.133,-575268,4,"Vancouver, British Columbia, Canada",CA,CA02,12552,49.25,-123.133,-575268,20220824170000,https://www.castanet.net/news/BC/381662/Victoria-Police-officer-committed-discreditable-conduct-in-off-duty-sexual-encounter-OPCC-finds
1060007767,20220824,202208,2022,2022.6411,HLH,HOSPITAL,,,,,,HLH,,,BUS,COMPANY,,,,,,BUS,,,0,134,134,13,3,-5.8,5,1,5,-4.91573033707865,1,Lebanon,LE,LE,,33.833333,35.833333,LE,1,Lebanon,LE,LE,,33.833333,35.833333,LE,1,Lebanon,LE,LE,,33.833333,35.833333,LE,20220824170000,https://www.modernhealthcare.com/cybersecurity/vendor-breaches-double-extortion-growing-healthcare-cyberthreats
1060009812,20220824,202208,2022,2022.6411,HLH,HOSPITAL,,,,,,HLH,,,GHA,GHANA,GHA,,,,,,,,1,112,112,11,3,-2.0,3,1,3,-8.52878464818764,4,"Accra, Greater Accra, Ghana",GH,GH01,190655,5.55,-0.216667,-2067935,4,"Accra, Greater Accra, Ghana",GH,GH01,190655,5.55,-0.216667,-2067935,4,"Accra, Greater Accra, Ghana",GH,GH01,190655,5.55,-0.216667,-2067935,20220824171500,https://www.modernghana.com/news/1179204/stepmother-allegedly-beats-4-year-old-boy-to-death.html
1060012912,20220824,202208,2022,2022.6411,HLH,SURGEON,,,,,,HLH,,,MED,JOURNALIST,,,,,,MED,,,1,110,110,11,3,-2.0,2,1,2,10.3825136612022,1,France,FR,FR,,46.0,2.0,FR,1,France,FR,FR,,46.0,2.0,FR,1,France,FR,FR,,46.0,2.0,FR,20220824174500,https://www.c21media.net/news/frances-m6-wooed-by-serial-lover-thriller-from-shine-fiction-sibaro-films/
1060012913,20220824,202208,2022,2022.6411,HLH,HOSPITAL,,,,,,HLH,,,USA,BOSTON,USA,,,,,,,,0,130,130,13,3,-4.4,10,1,10,-2.96296296296296,3,"Boston, Massachusetts, United States",US,USMA,MA025,42.3584,-71.0598,617565,3,"Boston, Massachusetts, United States",US,USMA,MA025,42.3584,-71.0598,617565,3,"Boston, Massachusetts, United States",US,USMA,MA025,42.3584,-71.0598,617565,20220824174500,https://humanevents.com/2022/08/24/seattle-childrens-hospital-doubles-down-on-gender-surgery-for-minors/
1060020077,20220824,202208,2022,2022.6411,HLH,NURSE,,,,,,HLH,,,GOV,GOVERNMENT,,,,,,GOV,,,0,100,100,10,3,-5.0,10,1,10,-3.86473429951691,1,Canada,CA,CA,,60.0,-96.0,CA,1,Canada,CA,CA,,60.0,-96.0,CA,1,Canada,CA,CA,,60.0,-96.0,CA,20220824183000,https://www.saultthisweek.com:443/news/local-news/gelinas-retables-bill-to-protect-nurses-from-violence
1060022191,20220824,202208,2022,2022.6411,HLH,DOCTOR,,,,,,HLH,,,USA,UNITED STATES,USA,,,,,,,,1,112,112,11,3,-2.0,2,1,2,-4.67289719626168,3,"Fort Worth, Texas, United States",US,USTX,TX439,32.7254,-97.3208,1380947,3,"Fort Worth, Texas, United States",US,USTX,,32.7254,-97.3208,1380947,3,"Fort Worth, Texas, United States",US,USTX,,32.7254,-97.3208,1380947,20220824184500,https://news.yahoo.com/son-law-charged-murder-killing-175327598.html
1060022192,20220824,202208,2022,2022.6411,HLH,DOCTOR,,,,,,HLH,,,USA,UNITED STATES,USA,,,,,,,,1,112,112,11,3,-2.0,1,1,1,-4.67289719626168,3,"Fort Worth, Texas, United States",US,USTX,TX439,32.7254,-97.3208,1380947,2,"Texas, United States",US,USTX,,31.106,-97.6475,TX,3,"Fort Worth, Texas, United States",US,USTX,,32.7254,-97.3208,1380947,20220824184500,https://news.yahoo.com/son-law-charged-murder-killing-175327598.html
1060022193,20220824,202208,2022,2022.6411,HLH,DOCTOR,,,,,,HLH,,,USA,UNITED STATES,USA,,,,,,,,1,112,112,11,3,-2.0,1,1,1,-4.67289719626168,3,"Tarrant County, Texas, United States",US,USTX,TX439,32.7668,-97.3003,1384005,3,"Tarrant County, Texas, United States",US,USTX,,32.7668,-97.3003,1384005,3,"Tarrant County, Texas, United States",US,USTX,,32.7668,-97.3003,1384005,20220824184500,https://news.yahoo.com/son-law-charged-murder-killing-175327598.html
1060023507,20220824,202208,2022,2022.6411,HLH,HOSPITAL,,,,,,HLH,,,,,,,,,,,,,0,111,111,11,3,-2.0,6,1,6,-2.29226361031519,2,"Nebraska, United States",US,USNE,,41.1289,-98.2883,NE,0,,,,,,,,2,"Nebraska, United States",US,USNE,,41.1289,-98.2883,NE,20220824190000,https://www.hastingstribune.com/in-rural-nebraska-many-expectant-moms-have-long-trip-to-delivery-room/article_51e564de-23c3-11ed-a3e6-ef9fa01f5de2.html
1060023512,20220824,202208,2022,2022.6411,HLH,HOSPITAL,,,,,,HLH,,,USA,UNITED STATES,USA,,,,,,,,0,111,111,11,3,-2.0,4,1,4,-2.29226361031519,2,"Nebraska, United States",US,USNE,,41.1289,-98.2883,NE,2,"Nebraska, United States",US,USNE,,41.1289,-98.2883,NE,2,"Nebraska, United States",US,USNE,,41.1289,-98.2883,NE,20220824190000,https://www.hastingstribune.com/in-rural-nebraska-many-expectant-moms-have-long-trip-to-delivery-room/article_51e564de-23c3-11ed-a3e6-ef9fa01f5de2.html
1060028928,20220824,202208,2022,2022.6411,HLH,HOSPITAL,,,,,,HLH,,,,,,,,,,,,,1,110,110,11,3,-2.0,3,1,3,-0.63191153238547,3,"Boston, Massachusetts, United States",US,USMA,MA025,42.3584,-71.0598,617565,0,,,,,,,,3,"Boston, Massachusetts, United States",US,USMA,MA025,42.3584,-71.0598,617565,20220824194500,https://bankerandtradesman.com/leggat-mccall-wins-hurley-redev-rights/
1060028929,20220824,202208,2022,2022.6411,HLH,HOSPITAL,,,,,,HLH,,,,,,,,,,,,,1,120,120,12,3,-4.0,5,1,5,-1.94174757281554,2,"North Carolina, United States",US,USNC,,35.6411,-79.8431,NC,0,,,,,,,,2,"North Carolina, United States",US,USNC,,35.6411,-79.8431,NC,20220824194500,https://www.wral.com/coronavirus/er-visits-for-covid-symptoms-hospital-admissions-for-covid-19-decline-for-three-consecutive-weeks/20430873/
1060028931,20220824,202208,2022,2022.6411,HLH,DOCTOR,,,,,,HLH,,,GOV,GOVERNMENT,,,,,,GOV,,,1,100,100,10,3,-5.0,10,1,10,-3.49344978165939,0,,,,,,,,0,,,,,,,,0,,,,,,,,20220824194500,https://www.prokerala.com/news/articles/a1338577.html
1060046088,20220824,202208,2022,2022.6411,HLH,HOSPITAL,,,,,,HLH,,,,,,,,,,,,,1,110,110,11,3,-2.0,10,1,10,0.0,4,"Wellington, New Zealand (general), New Zealand",NZ,NZ00,22391,-41.3,174.783,-1521348,0,,,,,,,,4,"Wellington, New Zealand (general), New Zealand",NZ,NZ00,22391,-41.3,174.783,-1521348,20220824221500,https://kitchener.ctvnews.ca/grand-river-hospital-warns-of-long-wait-times-1.6040657
